Country,Age,Salary,Purchased
0,0.7199314321591973,0.711012758872281,0
2,-1.6236751448696793,-1.3643758345927564,1
1,-1.2100975136292893,-0.845528686226497,0
2,-0.1072238303215827,-0.24020701313252774,0
1,0.16849459050534396,,1
0,-0.5208014615619727,-0.4996305873156574,1
2,,-1.0184777356819168,0
0,1.2713682738130507,1.3163344319662502,1
1,1.5470866946399773,1.6622325308770898,0
0,-0.24508304073504605,0.2786401352337316,1
